{
  "mae": 11.493135451452694,
  "rmse": 15.014410689846322,
  "mape": 953.8329510015475
}