{
  "mae": 11.5050048828125,
  "rmse": 15.023725946268913,
  "mape": Infinity
}