{
  "mae": 11.493137751050742,
  "rmse": 15.014410757997965,
  "mape": 953.8159106165958
}