{
  "mae": 11.493134727518918,
  "rmse": 15.014410688569901,
  "mape": 953.832097591489
}