{
  "mae": 11.493134509740921,
  "rmse": 15.014410690655545,
  "mape": 953.8311427586416
}