{"mae": 5.930598735809326, "rmse": 7.640860399859854, "mape": 12.637088788356607}