{
  "mae": 11.493252485029371,
  "rmse": 15.014438194937533,
  "mape": 954.1375853057209
}