{
  "mae": 13.093398081721885,
  "rmse": 16.919425237930344,
  "mape": 887.8718078356169
}