{
  "mae": 11.493134716004825,
  "rmse": 15.014410689012443,
  "mape": 953.8312416759416
}