{
  "mae": 11.49593805620721,
  "rmse": 15.016644840535976,
  "mape": 947.2900899109229
}