{
  "mae": 11.493134592234664,
  "rmse": 15.014410688607537,
  "mape": 953.8308222155509
}