{
  "mae": 11.493141081493482,
  "rmse": 15.014412165596116,
  "mape": 953.712351196766
}