{
  "mae": 11.4931346449492,
  "rmse": 15.014410688588228,
  "mape": 953.8309269266633
}