{
  "mae": 11.493247512585487,
  "rmse": 15.014431503454349,
  "mape": 953.9769544063016
}