{
  "mae": 11.495972552518317,
  "rmse": 15.016105077426955,
  "mape": 954.4500444233307
}