{
  "mae": 11.505004974191838,
  "rmse": 15.02372501787653,
  "mape": 955.6169592063254
}