{
  "mae": 11.505004974191838,
  "rmse": 15.023725017876528,
  "mape": 955.616959206326
}