{
  "mae": 11.493134589919606,
  "rmse": 15.01441068844013,
  "mape": 953.8311395518004
}