{
  "mae": 11.49448675017649,
  "rmse": 15.015170429489718,
  "mape": 954.2122465830116
}