{
  "mae": 11.493138673205864,
  "rmse": 15.01441126594424,
  "mape": 953.8316586584447
}