{
  "mae": 11.493134645746913,
  "rmse": 15.01441068859227,
  "mape": 953.8314552964993
}