{
  "mae": 11.510131501698503,
  "rmse": 15.028706043081394,
  "mape": 939.8933654586712
}