{
  "mae": 11.498143013104436,
  "rmse": 15.01867185193216,
  "mape": 948.1573854306121
}