{
  "mae": 11.49332226560296,
  "rmse": 15.014426460672741,
  "mape": 953.9741791026174
}