{
  "mae": 11.493307514980845,
  "rmse": 15.014419492564732,
  "mape": 953.9842509886869
}