{
  "mae": 11.49313436738487,
  "rmse": 15.01441068880922,
  "mape": 953.8305060118976
}